card_id,bank_name,card_tier,commercial_activity_score,risk_segment,opportunity_segment,recommended_action,confidence_level,top_reason_1,top_reason_2,top_reason_3,expected_value_kzt,feedback_status
MC-KZ-00001,Halyk Bank,Business,0.36,Medium,SME Lending,Enable trade finance package,0.83,Low utilization of existing credit,Seasonal revenue spike detected,Cash flow volatility within acceptable band,473865,Pending
MC-KZ-00002,Eurasian Bank,Business,0.643,High,Trade Finance,Invite to merchant program,0.84,Industry sector growth above national average,High cross-border payment velocity,Seasonal revenue spike detected,2217882,Rejected
MC-KZ-00003,Kaspi Bank,Platinum,0.153,Low,SME Lending,Offer SME credit line,0.82,Frequent B2B supplier payments,Multiple POS terminals registered,Strong repayment history on retail products,279703,Rejected
MC-KZ-00004,Jusan Bank,Standard,0.391,Low,Treasury Services,Schedule relationship call,0.94,High cross-border payment velocity,E-commerce platform integrations active,Growing monthly turnover vs peer median,1720607,Rejected
MC-KZ-00005,Home Credit Bank,Gold,0.632,Medium,SME Lending,Cross-sell working capital,0.79,High cross-border payment velocity,Seasonal revenue spike detected,Low utilization of existing credit,2809442,Rejected
MC-KZ-00006,Kaspi Bank,Gold,0.692,High,Trade Finance,Cross-sell working capital,0.79,Low utilization of existing credit,Growing monthly turnover vs peer median,Frequent B2B supplier payments,1921212,Accepted
MC-KZ-00007,Jusan Bank,Platinum,0.687,Medium,SME Lending,Invite to merchant program,0.96,High cross-border payment velocity,Seasonal revenue spike detected,Industry sector growth above national average,2595946,Rejected
MC-KZ-00008,Eurasian Bank,Business,0.75,High,Treasury Services,Schedule relationship call,0.91,E-commerce platform integrations active,Frequent B2B supplier payments,Low utilization of existing credit,987474,Deferred
MC-KZ-00009,Halyk Bank,Standard,0.31,Low,Merchant Acquiring,Propose payroll bundle,0.76,Seasonal revenue spike detected,Frequent B2B supplier payments,E-commerce platform integrations active,352273,Deferred
MC-KZ-00010,Home Credit Bank,Standard,0.504,Medium,Payroll Solutions,Propose payroll bundle,0.75,Industry sector growth above national average,E-commerce platform integrations active,Low utilization of existing credit,2214067,Rejected
MC-KZ-00011,Eurasian Bank,Platinum,0.286,Low,Treasury Services,Monitor — nurture in 90 days,0.77,Low utilization of existing credit,Multiple POS terminals registered,Frequent B2B supplier payments,708930,Pending
MC-KZ-00012,Kaspi Bank,Business,0.269,Low,Treasury Services,Offer SME credit line,0.88,Cash flow volatility within acceptable band,Seasonal revenue spike detected,Frequent B2B supplier payments,587356,Deferred
MC-KZ-00013,Bank CenterCredit,Standard,0.922,High,SME Lending,Propose payroll bundle,0.85,Low utilization of existing credit,Seasonal revenue spike detected,High cross-border payment velocity,1559309,Pending
MC-KZ-00014,Kaspi Bank,Platinum,0.363,Low,Treasury Services,Monitor — nurture in 90 days,0.88,Frequent B2B supplier payments,Industry sector growth above national average,E-commerce platform integrations active,1562112,Accepted
MC-KZ-00015,Eurasian Bank,Platinum,0.452,Low,Trade Finance,Enable trade finance package,0.84,Seasonal revenue spike detected,Low utilization of existing credit,Multiple POS terminals registered,2025888,Accepted
MC-KZ-00016,Halyk Bank,Standard,0.685,High,Payroll Solutions,Propose payroll bundle,0.74,Industry sector growth above national average,Cash flow volatility within acceptable band,Seasonal revenue spike detected,2039401,Pending
MC-KZ-00017,Jusan Bank,Gold,0.494,Low,Treasury Services,Invite to merchant program,0.91,Growing monthly turnover vs peer median,Cash flow volatility within acceptable band,Seasonal revenue spike detected,904201,Deferred
MC-KZ-00018,Jusan Bank,Platinum,0.739,High,Trade Finance,Cross-sell working capital,0.84,Multiple POS terminals registered,Seasonal revenue spike detected,Growing monthly turnover vs peer median,856238,Pending
MC-KZ-00019,Home Credit Bank,Standard,0.744,Medium,Merchant Acquiring,Invite to merchant program,0.77,Growing monthly turnover vs peer median,High cross-border payment velocity,Multiple POS terminals registered,2599826,Deferred
MC-KZ-00020,Home Credit Bank,Business,0.623,High,SME Lending,Offer SME credit line,0.89,E-commerce platform integrations active,Seasonal revenue spike detected,Growing monthly turnover vs peer median,1519861,Pending
MC-KZ-00021,Kaspi Bank,World,0.521,Low,SME Lending,Invite to merchant program,0.82,Seasonal revenue spike detected,Frequent B2B supplier payments,Multiple POS terminals registered,1352970,Deferred
MC-KZ-00022,Eurasian Bank,Business,0.664,Medium,Payroll Solutions,Propose payroll bundle,0.85,E-commerce platform integrations active,Low utilization of existing credit,Multiple POS terminals registered,2242586,Accepted
MC-KZ-00023,Halyk Bank,Standard,0.737,Medium,Treasury Services,Cross-sell working capital,0.85,Industry sector growth above national average,Cash flow volatility within acceptable band,High cross-border payment velocity,2629255,Accepted
MC-KZ-00024,Kaspi Bank,World,0.753,High,SME Lending,Enable trade finance package,0.78,Frequent B2B supplier payments,Growing monthly turnover vs peer median,Cash flow volatility within acceptable band,2483610,Pending
MC-KZ-00025,Kaspi Bank,Platinum,0.518,Medium,Merchant Acquiring,Schedule relationship call,0.82,Industry sector growth above national average,Cash flow volatility within acceptable band,Strong repayment history on retail products,2205858,Rejected
MC-KZ-00026,Bank CenterCredit,Standard,0.722,Medium,SME Lending,Enable trade finance package,0.78,Growing monthly turnover vs peer median,High cross-border payment velocity,E-commerce platform integrations active,2236965,Rejected
MC-KZ-00027,Jusan Bank,Business,0.69,High,Payroll Solutions,Schedule relationship call,0.88,Growing monthly turnover vs peer median,Seasonal revenue spike detected,Strong repayment history on retail products,1279573,Pending
MC-KZ-00028,Halyk Bank,Business,0.572,Medium,Merchant Acquiring,Schedule relationship call,0.79,Growing monthly turnover vs peer median,Frequent B2B supplier payments,Low utilization of existing credit,701893,Accepted
MC-KZ-00029,Home Credit Bank,Standard,0.231,Low,SME Lending,Propose payroll bundle,0.83,Low utilization of existing credit,Cash flow volatility within acceptable band,E-commerce platform integrations active,399433,Rejected
MC-KZ-00030,Bank CenterCredit,World,0.683,High,Treasury Services,Offer SME credit line,0.75,Frequent B2B supplier payments,Low utilization of existing credit,Industry sector growth above national average,2419565,Accepted
MC-KZ-00031,Halyk Bank,Platinum,0.684,Medium,Working Capital,Monitor — nurture in 90 days,0.97,Industry sector growth above national average,Cash flow volatility within acceptable band,Frequent B2B supplier payments,1634904,Pending
MC-KZ-00032,Home Credit Bank,World,0.234,Low,Treasury Services,Propose payroll bundle,0.76,Seasonal revenue spike detected,Growing monthly turnover vs peer median,Strong repayment history on retail products,862625,Accepted
MC-KZ-00033,ForteBank,World,0.54,Low,Payroll Solutions,Monitor — nurture in 90 days,0.91,Frequent B2B supplier payments,Multiple POS terminals registered,High cross-border payment velocity,790363,Accepted
MC-KZ-00034,Kaspi Bank,Gold,0.665,Medium,Trade Finance,Schedule relationship call,0.8,Growing monthly turnover vs peer median,Multiple POS terminals registered,High cross-border payment velocity,2644569,Accepted
MC-KZ-00035,Home Credit Bank,Platinum,0.814,High,Working Capital,Propose payroll bundle,0.85,Multiple POS terminals registered,Strong repayment history on retail products,Low utilization of existing credit,3254458,Rejected
MC-KZ-00036,Bank CenterCredit,World,0.196,Low,Working Capital,Propose payroll bundle,0.92,Low utilization of existing credit,Frequent B2B supplier payments,Industry sector growth above national average,184544,Deferred
MC-KZ-00037,Jusan Bank,Standard,0.555,Medium,Treasury Services,Monitor — nurture in 90 days,0.86,Multiple POS terminals registered,Seasonal revenue spike detected,Low utilization of existing credit,535148,Accepted
MC-KZ-00038,ForteBank,Business,0.378,Medium,Working Capital,Propose payroll bundle,0.83,Strong repayment history on retail products,Industry sector growth above national average,Growing monthly turnover vs peer median,1309048,Deferred
MC-KZ-00039,Kaspi Bank,Business,0.572,Medium,Treasury Services,Schedule relationship call,0.83,Seasonal revenue spike detected,Multiple POS terminals registered,Cash flow volatility within acceptable band,1891076,Pending
MC-KZ-00040,Eurasian Bank,Gold,0.434,Medium,Treasury Services,Cross-sell working capital,0.93,Industry sector growth above national average,Strong repayment history on retail products,E-commerce platform integrations active,1056620,Accepted
MC-KZ-00041,Home Credit Bank,Gold,0.464,Medium,Payroll Solutions,Schedule relationship call,0.78,Industry sector growth above national average,Strong repayment history on retail products,Growing monthly turnover vs peer median,1776269,Accepted
MC-KZ-00042,Eurasian Bank,Business,0.568,High,Merchant Acquiring,Propose payroll bundle,0.9,E-commerce platform integrations active,Growing monthly turnover vs peer median,Industry sector growth above national average,1325389,Deferred
MC-KZ-00043,Home Credit Bank,Business,0.409,Medium,Trade Finance,Offer SME credit line,0.86,High cross-border payment velocity,Growing monthly turnover vs peer median,Multiple POS terminals registered,658372,Pending
MC-KZ-00044,Jusan Bank,Business,0.671,Medium,Payroll Solutions,Enable trade finance package,0.83,Cash flow volatility within acceptable band,Industry sector growth above national average,Strong repayment history on retail products,2895463,Deferred
MC-KZ-00045,Home Credit Bank,Platinum,0.447,Low,Treasury Services,Cross-sell working capital,0.88,E-commerce platform integrations active,Industry sector growth above national average,Low utilization of existing credit,1600964,Rejected
MC-KZ-00046,Bank CenterCredit,Standard,0.635,Medium,Merchant Acquiring,Invite to merchant program,0.78,Seasonal revenue spike detected,Low utilization of existing credit,Strong repayment history on retail products,1259158,Accepted
MC-KZ-00047,Kaspi Bank,World,0.176,Low,Trade Finance,Monitor — nurture in 90 days,0.87,Multiple POS terminals registered,Strong repayment history on retail products,E-commerce platform integrations active,411552,Pending
MC-KZ-00048,ForteBank,World,0.456,Low,Trade Finance,Enable trade finance package,0.91,Multiple POS terminals registered,E-commerce platform integrations active,High cross-border payment velocity,1955394,Accepted
MC-KZ-00049,Eurasian Bank,World,0.459,Medium,Payroll Solutions,Invite to merchant program,0.94,E-commerce platform integrations active,High cross-border payment velocity,Multiple POS terminals registered,938049,Accepted
MC-KZ-00050,Kaspi Bank,World,0.364,Low,Merchant Acquiring,Offer SME credit line,0.79,Multiple POS terminals registered,High cross-border payment velocity,Growing monthly turnover vs peer median,1156855,Rejected
MC-KZ-00051,Halyk Bank,World,0.681,High,SME Lending,Propose payroll bundle,0.86,Multiple POS terminals registered,Low utilization of existing credit,Industry sector growth above national average,1180449,Rejected
MC-KZ-00052,Halyk Bank,Business,0.577,High,Merchant Acquiring,Invite to merchant program,0.75,High cross-border payment velocity,Industry sector growth above national average,Seasonal revenue spike detected,887215,Pending
MC-KZ-00053,Eurasian Bank,Standard,0.437,Medium,Merchant Acquiring,Schedule relationship call,0.75,Low utilization of existing credit,Strong repayment history on retail products,Frequent B2B supplier payments,1329268,Pending
MC-KZ-00054,Eurasian Bank,Gold,0.38,Low,SME Lending,Propose payroll bundle,0.92,Multiple POS terminals registered,Industry sector growth above national average,Seasonal revenue spike detected,410851,Pending
MC-KZ-00055,Halyk Bank,Business,0.376,Low,Payroll Solutions,Schedule relationship call,0.72,High cross-border payment velocity,Strong repayment history on retail products,Multiple POS terminals registered,1221108,Deferred
MC-KZ-00056,Eurasian Bank,Business,0.192,Low,Payroll Solutions,Schedule relationship call,0.88,Strong repayment history on retail products,E-commerce platform integrations active,Frequent B2B supplier payments,462970,Deferred
MC-KZ-00057,Home Credit Bank,Standard,0.68,Medium,Working Capital,Cross-sell working capital,0.78,Industry sector growth above national average,Low utilization of existing credit,Strong repayment history on retail products,2686910,Deferred
MC-KZ-00058,Kaspi Bank,World,0.617,Medium,Merchant Acquiring,Schedule relationship call,0.93,Strong repayment history on retail products,High cross-border payment velocity,E-commerce platform integrations active,2436240,Rejected
MC-KZ-00059,Kaspi Bank,Standard,0.588,Medium,Merchant Acquiring,Propose payroll bundle,0.83,Low utilization of existing credit,Cash flow volatility within acceptable band,High cross-border payment velocity,1594374,Accepted
MC-KZ-00060,Kaspi Bank,World,0.608,Medium,Payroll Solutions,Invite to merchant program,0.8,E-commerce platform integrations active,Industry sector growth above national average,High cross-border payment velocity,695733,Rejected
MC-KZ-00061,Jusan Bank,Platinum,0.562,Medium,Working Capital,Schedule relationship call,0.78,Multiple POS terminals registered,Cash flow volatility within acceptable band,Strong repayment history on retail products,1181155,Accepted
MC-KZ-00062,ForteBank,Business,0.647,Medium,Treasury Services,Enable trade finance package,0.79,Frequent B2B supplier payments,Seasonal revenue spike detected,Cash flow volatility within acceptable band,2285746,Pending
MC-KZ-00063,Bank CenterCredit,Gold,0.268,Low,Working Capital,Offer SME credit line,0.97,Strong repayment history on retail products,Frequent B2B supplier payments,Low utilization of existing credit,228430,Rejected
MC-KZ-00064,Jusan Bank,World,0.401,Medium,Trade Finance,Schedule relationship call,0.77,E-commerce platform integrations active,Growing monthly turnover vs peer median,High cross-border payment velocity,1172539,Pending
MC-KZ-00065,Bank CenterCredit,Standard,0.695,Medium,Merchant Acquiring,Invite to merchant program,0.93,Growing monthly turnover vs peer median,Industry sector growth above national average,Multiple POS terminals registered,1820526,Rejected
MC-KZ-00066,Jusan Bank,World,0.649,High,Trade Finance,Schedule relationship call,0.94,Cash flow volatility within acceptable band,Multiple POS terminals registered,Seasonal revenue spike detected,2381873,Deferred
MC-KZ-00067,ForteBank,Standard,0.598,Medium,Merchant Acquiring,Invite to merchant program,0.77,Industry sector growth above national average,Growing monthly turnover vs peer median,Seasonal revenue spike detected,1862415,Pending
MC-KZ-00068,ForteBank,Platinum,0.713,High,Payroll Solutions,Monitor — nurture in 90 days,0.84,Industry sector growth above national average,E-commerce platform integrations active,Low utilization of existing credit,656507,Accepted
MC-KZ-00069,Kaspi Bank,Gold,0.465,Low,Working Capital,Monitor — nurture in 90 days,0.76,Industry sector growth above national average,Seasonal revenue spike detected,Multiple POS terminals registered,569473,Pending
MC-KZ-00070,Eurasian Bank,Platinum,0.673,High,Payroll Solutions,Cross-sell working capital,0.97,Industry sector growth above national average,Low utilization of existing credit,E-commerce platform integrations active,848053,Deferred
MC-KZ-00071,Kaspi Bank,Business,0.589,Medium,Treasury Services,Offer SME credit line,0.98,Multiple POS terminals registered,Strong repayment history on retail products,Low utilization of existing credit,527567,Rejected
MC-KZ-00072,Kaspi Bank,Business,0.655,Medium,Trade Finance,Propose payroll bundle,0.93,Frequent B2B supplier payments,E-commerce platform integrations active,Cash flow volatility within acceptable band,2744102,Pending
MC-KZ-00073,Eurasian Bank,World,0.513,Medium,Working Capital,Propose payroll bundle,0.97,Strong repayment history on retail products,Growing monthly turnover vs peer median,Frequent B2B supplier payments,1036400,Pending
MC-KZ-00074,Home Credit Bank,Standard,0.476,Medium,Payroll Solutions,Monitor — nurture in 90 days,0.86,Strong repayment history on retail products,Growing monthly turnover vs peer median,Multiple POS terminals registered,1904081,Deferred
MC-KZ-00075,Kaspi Bank,Platinum,0.757,High,Treasury Services,Invite to merchant program,0.96,Industry sector growth above national average,E-commerce platform integrations active,Cash flow volatility within acceptable band,2734257,Deferred
MC-KZ-00076,Halyk Bank,Business,0.344,Low,Trade Finance,Offer SME credit line,0.78,High cross-border payment velocity,Seasonal revenue spike detected,Frequent B2B supplier payments,670723,Pending
MC-KZ-00077,ForteBank,World,0.397,Medium,Trade Finance,Cross-sell working capital,0.78,Frequent B2B supplier payments,E-commerce platform integrations active,Low utilization of existing credit,1065082,Accepted
MC-KZ-00078,Home Credit Bank,World,0.719,Medium,Working Capital,Monitor — nurture in 90 days,0.85,Cash flow volatility within acceptable band,Frequent B2B supplier payments,Growing monthly turnover vs peer median,1310101,Pending
MC-KZ-00079,Jusan Bank,Platinum,0.469,Medium,Working Capital,Enable trade finance package,0.92,Industry sector growth above national average,E-commerce platform integrations active,Frequent B2B supplier payments,1150094,Deferred
MC-KZ-00080,Home Credit Bank,World,0.479,Medium,SME Lending,Schedule relationship call,0.91,Seasonal revenue spike detected,Industry sector growth above national average,Multiple POS terminals registered,797143,Deferred
MC-KZ-00081,Bank CenterCredit,Platinum,0.615,Medium,SME Lending,Monitor — nurture in 90 days,0.94,Frequent B2B supplier payments,E-commerce platform integrations active,High cross-border payment velocity,779273,Pending
MC-KZ-00082,Home Credit Bank,Platinum,0.533,Medium,Working Capital,Enable trade finance package,0.9,Frequent B2B supplier payments,Multiple POS terminals registered,Industry sector growth above national average,573969,Pending
MC-KZ-00083,Home Credit Bank,World,0.491,Low,Treasury Services,Offer SME credit line,0.88,Cash flow volatility within acceptable band,Multiple POS terminals registered,Strong repayment history on retail products,1531506,Accepted
MC-KZ-00084,Home Credit Bank,Standard,0.718,Medium,Trade Finance,Invite to merchant program,0.9,Seasonal revenue spike detected,Growing monthly turnover vs peer median,Multiple POS terminals registered,3173452,Pending
MC-KZ-00085,Kaspi Bank,Business,0.868,High,Trade Finance,Enable trade finance package,0.9,Low utilization of existing credit,Strong repayment history on retail products,Cash flow volatility within acceptable band,2077594,Accepted
MC-KZ-00086,Kaspi Bank,Gold,0.582,High,Trade Finance,Propose payroll bundle,0.79,Multiple POS terminals registered,Seasonal revenue spike detected,E-commerce platform integrations active,2431286,Rejected
MC-KZ-00087,ForteBank,Business,0.71,Medium,Working Capital,Propose payroll bundle,0.97,E-commerce platform integrations active,Low utilization of existing credit,Frequent B2B supplier payments,762035,Rejected
MC-KZ-00088,Bank CenterCredit,Platinum,0.471,Medium,Treasury Services,Schedule relationship call,0.98,Multiple POS terminals registered,E-commerce platform integrations active,Growing monthly turnover vs peer median,790178,Rejected
MC-KZ-00089,Eurasian Bank,Standard,0.882,High,Treasury Services,Propose payroll bundle,0.85,Multiple POS terminals registered,Low utilization of existing credit,High cross-border payment velocity,2552453,Rejected
MC-KZ-00090,Eurasian Bank,Gold,0.242,Low,Payroll Solutions,Offer SME credit line,0.95,Strong repayment history on retail products,Seasonal revenue spike detected,Cash flow volatility within acceptable band,749546,Pending
MC-KZ-00091,ForteBank,Platinum,0.526,Medium,Payroll Solutions,Cross-sell working capital,0.77,Industry sector growth above national average,Strong repayment history on retail products,Frequent B2B supplier payments,596218,Accepted
MC-KZ-00092,ForteBank,World,0.501,Low,Working Capital,Propose payroll bundle,0.95,Strong repayment history on retail products,Cash flow volatility within acceptable band,Low utilization of existing credit,1940247,Pending
MC-KZ-00093,Jusan Bank,Standard,0.38,Medium,Working Capital,Enable trade finance package,0.75,Seasonal revenue spike detected,Multiple POS terminals registered,Strong repayment history on retail products,430966,Rejected
MC-KZ-00094,Kaspi Bank,World,0.619,Medium,SME Lending,Enable trade finance package,0.95,Industry sector growth above national average,Multiple POS terminals registered,Strong repayment history on retail products,743345,Rejected
MC-KZ-00095,Halyk Bank,Gold,0.239,Low,SME Lending,Offer SME credit line,0.8,Growing monthly turnover vs peer median,E-commerce platform integrations active,Low utilization of existing credit,765322,Deferred
MC-KZ-00096,Eurasian Bank,Business,0.644,High,Trade Finance,Enable trade finance package,0.91,Cash flow volatility within acceptable band,Frequent B2B supplier payments,Multiple POS terminals registered,1596142,Accepted
MC-KZ-00097,ForteBank,Gold,0.412,Low,Trade Finance,Cross-sell working capital,0.97,E-commerce platform integrations active,Multiple POS terminals registered,Low utilization of existing credit,379473,Rejected
MC-KZ-00098,Kaspi Bank,Standard,0.824,High,Trade Finance,Offer SME credit line,0.89,Cash flow volatility within acceptable band,Strong repayment history on retail products,High cross-border payment velocity,1873048,Pending
MC-KZ-00099,Bank CenterCredit,Gold,0.683,High,Treasury Services,Invite to merchant program,0.93,Frequent B2B supplier payments,Seasonal revenue spike detected,Growing monthly turnover vs peer median,2643433,Accepted
MC-KZ-00100,Kaspi Bank,Gold,0.409,Medium,Treasury Services,Schedule relationship call,0.93,Industry sector growth above national average,High cross-border payment velocity,Low utilization of existing credit,1626226,Pending
MC-KZ-00101,Halyk Bank,Gold,0.36,Medium,Working Capital,Offer SME credit line,0.75,High cross-border payment velocity,Strong repayment history on retail products,Seasonal revenue spike detected,1072352,Deferred
MC-KZ-00102,Halyk Bank,World,0.648,Medium,Treasury Services,Invite to merchant program,0.97,E-commerce platform integrations active,Industry sector growth above national average,Strong repayment history on retail products,1748939,Pending
MC-KZ-00103,Halyk Bank,Standard,0.514,Low,Trade Finance,Monitor — nurture in 90 days,0.82,Cash flow volatility within acceptable band,Low utilization of existing credit,E-commerce platform integrations active,1634705,Pending
MC-KZ-00104,Halyk Bank,Gold,0.714,Medium,Working Capital,Enable trade finance package,0.88,Growing monthly turnover vs peer median,Industry sector growth above national average,Strong repayment history on retail products,2178200,Rejected
MC-KZ-00105,Eurasian Bank,Standard,0.589,Medium,Payroll Solutions,Propose payroll bundle,0.95,Low utilization of existing credit,E-commerce platform integrations active,Multiple POS terminals registered,687340,Accepted
MC-KZ-00106,Eurasian Bank,Standard,0.705,Medium,Working Capital,Cross-sell working capital,0.8,Multiple POS terminals registered,Strong repayment history on retail products,E-commerce platform integrations active,1604088,Rejected
MC-KZ-00107,Halyk Bank,World,0.411,Medium,SME Lending,Propose payroll bundle,0.91,E-commerce platform integrations active,Growing monthly turnover vs peer median,Cash flow volatility within acceptable band,1593676,Accepted
MC-KZ-00108,Jusan Bank,Platinum,0.585,Medium,Payroll Solutions,Monitor — nurture in 90 days,0.83,Cash flow volatility within acceptable band,Industry sector growth above national average,Strong repayment history on retail products,1918244,Pending
MC-KZ-00109,Jusan Bank,Gold,0.39,Low,SME Lending,Schedule relationship call,0.94,Strong repayment history on retail products,Growing monthly turnover vs peer median,Seasonal revenue spike detected,535276,Rejected
MC-KZ-00110,Eurasian Bank,Platinum,0.661,High,SME Lending,Invite to merchant program,0.79,Seasonal revenue spike detected,Multiple POS terminals registered,High cross-border payment velocity,2018219,Rejected
MC-KZ-00111,Eurasian Bank,Standard,0.29,Low,SME Lending,Propose payroll bundle,0.86,Frequent B2B supplier payments,Industry sector growth above national average,Multiple POS terminals registered,306665,Deferred
MC-KZ-00112,Bank CenterCredit,Business,0.486,Medium,SME Lending,Offer SME credit line,0.76,Strong repayment history on retail products,Low utilization of existing credit,Industry sector growth above national average,1785706,Pending
MC-KZ-00113,Kaspi Bank,Business,0.459,Medium,SME Lending,Schedule relationship call,0.83,Multiple POS terminals registered,E-commerce platform integrations active,Cash flow volatility within acceptable band,1070608,Rejected
MC-KZ-00114,Bank CenterCredit,Standard,0.587,Medium,SME Lending,Invite to merchant program,0.8,Cash flow volatility within acceptable band,Low utilization of existing credit,High cross-border payment velocity,948544,Accepted
MC-KZ-00115,Eurasian Bank,World,0.456,Low,Merchant Acquiring,Invite to merchant program,0.82,Low utilization of existing credit,Strong repayment history on retail products,Growing monthly turnover vs peer median,377842,Accepted
MC-KZ-00116,Halyk Bank,World,0.683,Medium,SME Lending,Cross-sell working capital,0.96,Strong repayment history on retail products,Growing monthly turnover vs peer median,Multiple POS terminals registered,2724165,Rejected
MC-KZ-00117,ForteBank,Gold,0.579,Medium,Treasury Services,Cross-sell working capital,0.94,Multiple POS terminals registered,Low utilization of existing credit,Growing monthly turnover vs peer median,1330901,Rejected
MC-KZ-00118,Jusan Bank,Platinum,0.888,High,Payroll Solutions,Schedule relationship call,0.78,Seasonal revenue spike detected,Multiple POS terminals registered,Cash flow volatility within acceptable band,2431931,Accepted
MC-KZ-00119,ForteBank,Platinum,0.803,High,Payroll Solutions,Monitor — nurture in 90 days,0.89,Cash flow volatility within acceptable band,Industry sector growth above national average,Seasonal revenue spike detected,3333987,Accepted
MC-KZ-00120,Eurasian Bank,Standard,0.609,High,Merchant Acquiring,Monitor — nurture in 90 days,0.88,Seasonal revenue spike detected,Frequent B2B supplier payments,Cash flow volatility within acceptable band,2200193,Deferred
MC-KZ-00121,Halyk Bank,World,0.454,Low,Trade Finance,Propose payroll bundle,0.8,E-commerce platform integrations active,Strong repayment history on retail products,Cash flow volatility within acceptable band,616778,Rejected
MC-KZ-00122,Halyk Bank,Platinum,0.491,Medium,Working Capital,Offer SME credit line,0.89,Growing monthly turnover vs peer median,Low utilization of existing credit,E-commerce platform integrations active,1213792,Pending
MC-KZ-00123,Home Credit Bank,Business,0.553,Medium,Payroll Solutions,Invite to merchant program,0.8,E-commerce platform integrations active,Cash flow volatility within acceptable band,High cross-border payment velocity,1362600,Deferred
MC-KZ-00124,Halyk Bank,Business,0.733,Medium,Payroll Solutions,Invite to merchant program,0.73,E-commerce platform integrations active,Growing monthly turnover vs peer median,Strong repayment history on retail products,3250728,Deferred
MC-KZ-00125,ForteBank,World,0.36,Low,Trade Finance,Monitor — nurture in 90 days,0.81,Industry sector growth above national average,Frequent B2B supplier payments,Strong repayment history on retail products,784639,Pending
MC-KZ-00126,Jusan Bank,Platinum,0.409,Low,Working Capital,Propose payroll bundle,0.94,Growing monthly turnover vs peer median,Strong repayment history on retail products,Industry sector growth above national average,1171566,Accepted
MC-KZ-00127,Eurasian Bank,World,0.583,Medium,Merchant Acquiring,Enable trade finance package,0.9,Frequent B2B supplier payments,Strong repayment history on retail products,Low utilization of existing credit,2553818,Pending
MC-KZ-00128,Jusan Bank,Business,0.501,Medium,Working Capital,Offer SME credit line,0.81,Strong repayment history on retail products,Frequent B2B supplier payments,Growing monthly turnover vs peer median,1598336,Accepted
MC-KZ-00129,Kaspi Bank,Standard,0.287,Low,Working Capital,Monitor — nurture in 90 days,0.92,E-commerce platform integrations active,Seasonal revenue spike detected,Cash flow volatility within acceptable band,1291475,Pending
MC-KZ-00130,Kaspi Bank,Business,0.701,Medium,Merchant Acquiring,Propose payroll bundle,0.83,Industry sector growth above national average,Frequent B2B supplier payments,Multiple POS terminals registered,960885,Deferred
MC-KZ-00131,Kaspi Bank,Platinum,0.638,Medium,Trade Finance,Monitor — nurture in 90 days,0.77,E-commerce platform integrations active,Low utilization of existing credit,Industry sector growth above national average,1062787,Deferred
MC-KZ-00132,Home Credit Bank,Gold,0.463,Medium,Treasury Services,Invite to merchant program,0.95,Multiple POS terminals registered,Cash flow volatility within acceptable band,Industry sector growth above national average,2025714,Pending
MC-KZ-00133,Home Credit Bank,Gold,0.7,Medium,Working Capital,Cross-sell working capital,0.96,Cash flow volatility within acceptable band,Growing monthly turnover vs peer median,Industry sector growth above national average,1298313,Accepted
MC-KZ-00134,Jusan Bank,Standard,0.187,Low,Trade Finance,Enable trade finance package,0.82,Seasonal revenue spike detected,E-commerce platform integrations active,Strong repayment history on retail products,793394,Deferred
MC-KZ-00135,Eurasian Bank,Platinum,0.3,Low,Merchant Acquiring,Invite to merchant program,0.73,High cross-border payment velocity,Strong repayment history on retail products,Growing monthly turnover vs peer median,1171486,Deferred
MC-KZ-00136,Halyk Bank,Platinum,0.406,Medium,Merchant Acquiring,Monitor — nurture in 90 days,0.76,E-commerce platform integrations active,Industry sector growth above national average,High cross-border payment velocity,1685579,Deferred
MC-KZ-00137,Eurasian Bank,Business,0.665,High,Trade Finance,Offer SME credit line,0.75,Low utilization of existing credit,Growing monthly turnover vs peer median,High cross-border payment velocity,1118680,Deferred
MC-KZ-00138,Halyk Bank,Business,0.357,Medium,Working Capital,Invite to merchant program,0.87,Cash flow volatility within acceptable band,Seasonal revenue spike detected,Frequent B2B supplier payments,670341,Accepted
MC-KZ-00139,Jusan Bank,Standard,0.384,Medium,Payroll Solutions,Cross-sell working capital,0.98,Strong repayment history on retail products,Growing monthly turnover vs peer median,High cross-border payment velocity,861957,Rejected
MC-KZ-00140,Eurasian Bank,Standard,0.293,Low,Treasury Services,Propose payroll bundle,0.92,Growing monthly turnover vs peer median,Strong repayment history on retail products,Seasonal revenue spike detected,1028981,Accepted
MC-KZ-00141,Home Credit Bank,Gold,0.768,High,SME Lending,Propose payroll bundle,0.92,Frequent B2B supplier payments,E-commerce platform integrations active,Cash flow volatility within acceptable band,2409541,Deferred
MC-KZ-00142,Bank CenterCredit,World,0.631,High,Treasury Services,Cross-sell working capital,0.79,Seasonal revenue spike detected,High cross-border payment velocity,Strong repayment history on retail products,2683941,Accepted
MC-KZ-00143,ForteBank,World,0.695,Medium,Trade Finance,Propose payroll bundle,0.83,High cross-border payment velocity,Strong repayment history on retail products,Low utilization of existing credit,876087,Deferred
MC-KZ-00144,Eurasian Bank,World,0.425,Medium,SME Lending,Cross-sell working capital,0.88,E-commerce platform integrations active,Strong repayment history on retail products,Low utilization of existing credit,1599805,Accepted
MC-KZ-00145,Bank CenterCredit,World,0.478,Medium,Merchant Acquiring,Propose payroll bundle,0.84,Growing monthly turnover vs peer median,Strong repayment history on retail products,Low utilization of existing credit,924469,Deferred
MC-KZ-00146,Home Credit Bank,Standard,0.898,High,SME Lending,Propose payroll bundle,0.89,Strong repayment history on retail products,Multiple POS terminals registered,Low utilization of existing credit,2843101,Rejected
MC-KZ-00147,Eurasian Bank,World,0.65,Medium,SME Lending,Invite to merchant program,0.74,Frequent B2B supplier payments,High cross-border payment velocity,Industry sector growth above national average,2561050,Rejected
MC-KZ-00148,ForteBank,World,0.73,Medium,SME Lending,Enable trade finance package,0.76,High cross-border payment velocity,Frequent B2B supplier payments,E-commerce platform integrations active,3146772,Rejected
MC-KZ-00149,Jusan Bank,Business,0.61,Medium,Trade Finance,Enable trade finance package,0.75,Seasonal revenue spike detected,Growing monthly turnover vs peer median,High cross-border payment velocity,2148418,Rejected
MC-KZ-00150,Kaspi Bank,Standard,0.236,Low,Trade Finance,Invite to merchant program,0.95,Industry sector growth above national average,Low utilization of existing credit,E-commerce platform integrations active,363596,Deferred
MC-KZ-00151,ForteBank,Platinum,0.474,Low,Merchant Acquiring,Propose payroll bundle,0.9,Strong repayment history on retail products,Industry sector growth above national average,Growing monthly turnover vs peer median,1343785,Accepted
MC-KZ-00152,Jusan Bank,Standard,0.354,Low,Working Capital,Enable trade finance package,0.87,Growing monthly turnover vs peer median,Seasonal revenue spike detected,Frequent B2B supplier payments,593277,Deferred
MC-KZ-00153,Eurasian Bank,World,0.371,Low,Treasury Services,Cross-sell working capital,0.92,Industry sector growth above national average,Growing monthly turnover vs peer median,Cash flow volatility within acceptable band,721363,Pending
MC-KZ-00154,ForteBank,Gold,0.677,High,Treasury Services,Propose payroll bundle,0.87,Growing monthly turnover vs peer median,E-commerce platform integrations active,Cash flow volatility within acceptable band,2245205,Accepted
MC-KZ-00155,Kaspi Bank,Platinum,0.714,Medium,Payroll Solutions,Invite to merchant program,0.81,High cross-border payment velocity,Growing monthly turnover vs peer median,Frequent B2B supplier payments,1374636,Rejected
MC-KZ-00156,Bank CenterCredit,Business,0.25,Low,SME Lending,Enable trade finance package,0.89,Cash flow volatility within acceptable band,Low utilization of existing credit,Frequent B2B supplier payments,778146,Accepted
MC-KZ-00157,Halyk Bank,Standard,0.8,High,SME Lending,Propose payroll bundle,0.92,Industry sector growth above national average,Strong repayment history on retail products,High cross-border payment velocity,3082699,Rejected
MC-KZ-00158,Bank CenterCredit,Platinum,0.657,Medium,Payroll Solutions,Schedule relationship call,0.85,Multiple POS terminals registered,High cross-border payment velocity,E-commerce platform integrations active,2686663,Deferred
MC-KZ-00159,Jusan Bank,Gold,0.379,Medium,Working Capital,Enable trade finance package,0.76,High cross-border payment velocity,Frequent B2B supplier payments,E-commerce platform integrations active,886026,Rejected
MC-KZ-00160,Halyk Bank,Platinum,0.494,Low,Merchant Acquiring,Cross-sell working capital,0.75,Multiple POS terminals registered,Frequent B2B supplier payments,Strong repayment history on retail products,1336481,Deferred
MC-KZ-00161,Home Credit Bank,Gold,0.589,High,Working Capital,Enable trade finance package,0.91,Low utilization of existing credit,Multiple POS terminals registered,Cash flow volatility within acceptable band,1012255,Accepted
MC-KZ-00162,Jusan Bank,Standard,0.349,Low,SME Lending,Cross-sell working capital,0.85,Cash flow volatility within acceptable band,E-commerce platform integrations active,Industry sector growth above national average,1414350,Accepted
MC-KZ-00163,Home Credit Bank,World,0.691,High,Working Capital,Enable trade finance package,0.72,High cross-border payment velocity,Low utilization of existing credit,E-commerce platform integrations active,2080476,Pending
MC-KZ-00164,Halyk Bank,Business,0.703,Medium,Treasury Services,Invite to merchant program,0.81,Strong repayment history on retail products,Multiple POS terminals registered,Industry sector growth above national average,680080,Rejected
MC-KZ-00165,Halyk Bank,World,0.752,High,Working Capital,Monitor — nurture in 90 days,0.98,Cash flow volatility within acceptable band,Low utilization of existing credit,Growing monthly turnover vs peer median,959593,Rejected
MC-KZ-00166,Kaspi Bank,Platinum,0.23,Low,Trade Finance,Enable trade finance package,0.84,Cash flow volatility within acceptable band,Multiple POS terminals registered,High cross-border payment velocity,222553,Accepted
MC-KZ-00167,Bank CenterCredit,Business,0.595,Medium,Treasury Services,Cross-sell working capital,0.9,Frequent B2B supplier payments,Multiple POS terminals registered,Low utilization of existing credit,1783085,Rejected
MC-KZ-00168,Home Credit Bank,Standard,0.357,Medium,Treasury Services,Cross-sell working capital,0.79,Strong repayment history on retail products,Growing monthly turnover vs peer median,Multiple POS terminals registered,1056612,Accepted
MC-KZ-00169,Eurasian Bank,Gold,0.383,Low,SME Lending,Enable trade finance package,0.97,Frequent B2B supplier payments,Cash flow volatility within acceptable band,Multiple POS terminals registered,515813,Pending
MC-KZ-00170,Jusan Bank,Business,0.726,High,Treasury Services,Cross-sell working capital,0.95,Multiple POS terminals registered,Frequent B2B supplier payments,Industry sector growth above national average,2435622,Pending
MC-KZ-00171,ForteBank,Gold,0.357,Low,Trade Finance,Enable trade finance package,0.81,Cash flow volatility within acceptable band,Strong repayment history on retail products,E-commerce platform integrations active,979703,Rejected
MC-KZ-00172,ForteBank,Business,0.697,Medium,Working Capital,Invite to merchant program,0.96,Low utilization of existing credit,E-commerce platform integrations active,Seasonal revenue spike detected,3026477,Rejected
MC-KZ-00173,Home Credit Bank,Platinum,0.432,Low,Working Capital,Offer SME credit line,0.87,E-commerce platform integrations active,Strong repayment history on retail products,Industry sector growth above national average,903127,Deferred
MC-KZ-00174,Eurasian Bank,Standard,0.308,Low,Working Capital,Cross-sell working capital,0.89,Strong repayment history on retail products,Frequent B2B supplier payments,Low utilization of existing credit,294339,Deferred
MC-KZ-00175,Bank CenterCredit,Business,0.881,High,Merchant Acquiring,Invite to merchant program,0.73,Low utilization of existing credit,Cash flow volatility within acceptable band,Industry sector growth above national average,1152269,Accepted
MC-KZ-00176,Home Credit Bank,Gold,0.371,Medium,SME Lending,Enable trade finance package,0.97,Multiple POS terminals registered,Strong repayment history on retail products,E-commerce platform integrations active,434818,Accepted
MC-KZ-00177,ForteBank,Platinum,0.724,Medium,Working Capital,Propose payroll bundle,0.74,E-commerce platform integrations active,Industry sector growth above national average,Seasonal revenue spike detected,2604135,Pending
MC-KZ-00178,Kaspi Bank,Standard,0.443,Medium,Trade Finance,Monitor — nurture in 90 days,0.85,High cross-border payment velocity,Frequent B2B supplier payments,Multiple POS terminals registered,1800488,Rejected
MC-KZ-00179,Eurasian Bank,Business,0.154,Low,Treasury Services,Cross-sell working capital,0.95,Industry sector growth above national average,Growing monthly turnover vs peer median,Strong repayment history on retail products,285343,Accepted
MC-KZ-00180,Jusan Bank,Platinum,0.337,Low,Payroll Solutions,Invite to merchant program,0.72,Seasonal revenue spike detected,Growing monthly turnover vs peer median,Strong repayment history on retail products,472214,Rejected
MC-KZ-00181,Bank CenterCredit,Platinum,0.377,Low,SME Lending,Cross-sell working capital,0.89,Seasonal revenue spike detected,Frequent B2B supplier payments,Multiple POS terminals registered,1455168,Accepted
MC-KZ-00182,Jusan Bank,Platinum,0.341,Low,Working Capital,Schedule relationship call,0.87,Seasonal revenue spike detected,High cross-border payment velocity,Low utilization of existing credit,756756,Pending
MC-KZ-00183,Kaspi Bank,World,0.494,Medium,Payroll Solutions,Enable trade finance package,0.96,Seasonal revenue spike detected,High cross-border payment velocity,Growing monthly turnover vs peer median,1245849,Rejected
MC-KZ-00184,Kaspi Bank,World,0.605,Medium,Merchant Acquiring,Cross-sell working capital,0.91,Low utilization of existing credit,Strong repayment history on retail products,Seasonal revenue spike detected,974519,Rejected
MC-KZ-00185,Eurasian Bank,Business,0.57,Medium,SME Lending,Enable trade finance package,0.84,E-commerce platform integrations active,Cash flow volatility within acceptable band,Seasonal revenue spike detected,2062762,Rejected
MC-KZ-00186,Kaspi Bank,Gold,0.776,High,Working Capital,Monitor — nurture in 90 days,0.86,High cross-border payment velocity,Cash flow volatility within acceptable band,Seasonal revenue spike detected,2265141,Pending
MC-KZ-00187,Jusan Bank,Gold,0.637,Medium,Treasury Services,Cross-sell working capital,0.84,E-commerce platform integrations active,Growing monthly turnover vs peer median,Industry sector growth above national average,2415606,Pending
MC-KZ-00188,Halyk Bank,Gold,0.619,Medium,Treasury Services,Offer SME credit line,0.73,Low utilization of existing credit,High cross-border payment velocity,Multiple POS terminals registered,1077983,Rejected
MC-KZ-00189,Jusan Bank,Gold,0.366,Low,Merchant Acquiring,Monitor — nurture in 90 days,0.89,High cross-border payment velocity,Growing monthly turnover vs peer median,E-commerce platform integrations active,335775,Deferred
MC-KZ-00190,Eurasian Bank,Business,0.707,Medium,Merchant Acquiring,Propose payroll bundle,0.94,E-commerce platform integrations active,Multiple POS terminals registered,Cash flow volatility within acceptable band,775526,Pending
MC-KZ-00191,Home Credit Bank,Standard,0.765,High,Working Capital,Cross-sell working capital,0.9,Cash flow volatility within acceptable band,Frequent B2B supplier payments,Seasonal revenue spike detected,2974963,Deferred
MC-KZ-00192,Kaspi Bank,Standard,0.679,Medium,SME Lending,Monitor — nurture in 90 days,0.89,Seasonal revenue spike detected,E-commerce platform integrations active,Strong repayment history on retail products,932911,Pending
MC-KZ-00193,Eurasian Bank,Standard,0.577,High,Merchant Acquiring,Propose payroll bundle,0.73,Industry sector growth above national average,High cross-border payment velocity,E-commerce platform integrations active,1737811,Deferred
MC-KZ-00194,Eurasian Bank,Business,0.637,High,Working Capital,Enable trade finance package,0.88,High cross-border payment velocity,Frequent B2B supplier payments,Low utilization of existing credit,1061495,Rejected
MC-KZ-00195,Halyk Bank,Business,0.901,High,Treasury Services,Propose payroll bundle,0.96,Cash flow volatility within acceptable band,Seasonal revenue spike detected,Multiple POS terminals registered,1722580,Deferred
MC-KZ-00196,Jusan Bank,Gold,0.369,Medium,Working Capital,Cross-sell working capital,0.77,Strong repayment history on retail products,Multiple POS terminals registered,Industry sector growth above national average,1245870,Deferred
MC-KZ-00197,Jusan Bank,Business,0.64,High,Treasury Services,Invite to merchant program,0.82,Frequent B2B supplier payments,E-commerce platform integrations active,High cross-border payment velocity,1843730,Rejected
MC-KZ-00198,Home Credit Bank,Gold,0.809,High,SME Lending,Schedule relationship call,0.82,E-commerce platform integrations active,Strong repayment history on retail products,Growing monthly turnover vs peer median,2250518,Pending
MC-KZ-00199,Home Credit Bank,Platinum,0.225,Low,Working Capital,Offer SME credit line,0.78,Industry sector growth above national average,Cash flow volatility within acceptable band,Seasonal revenue spike detected,579096,Accepted
MC-KZ-00200,Kaspi Bank,Business,0.197,Low,Working Capital,Monitor — nurture in 90 days,0.79,E-commerce platform integrations active,Seasonal revenue spike detected,Cash flow volatility within acceptable band,446705,Deferred
